<?xml version="1.0" encoding="UTF-8"?>
<beans xmlns="http://www.springframework.org/schema/beans"
	xmlns:xsi="http://www.w3.org/2001/XMLSchema-instance"
	xmlns:context="http://www.springframework.org/schema/context"
	xsi:schemaLocation="http://www.springframework.org/schema/beans http://www.springframework.org/schema/beans/spring-beans.xsd
		http://www.springframework.org/schema/context http://www.springframework.org/schema/context/spring-context-4.3.xsd">

	<!-- ##### 2. annotation 기반으로 Controller 영역의 처리 ##### -->
	<context:component-scan base-package="com.springbook.view"></context:component-scan>


	<!-- ##### 1. xml 기반으로 Controller 영역의 처리 ##### -->

	<!-- Spring에서 제공하는 HandlerMapping 클래스를 사용 -->
	<!-- HandlerMapping 등록 -->
<!-- 	<bean class="org.springframework.web.servlet.handler.SimpleUrlHandlerMapping">
		<property name="mappings">
			<props>
				<prop key="/login.do">login</prop>
				<prop key="/logout.do">logout</prop>
				<prop key="/getBoardList.do">getBoardList</prop>
				<prop key="/getBoard.do">getBoard</prop>
				<prop key="/insertBoard.do">insertBoard</prop>
				<prop key="/updateBoard.do">updateBoard</prop>
				<prop key="/deleteBoard.do">deleteBoard</prop>
			</props>
		</property>
	</bean> -->
	
	<!-- Controller 등록 -->
<!-- 	<bean id="login" class="com.springbook.view.member.LoginController"></bean>
	<bean id="logout" class="com.springbook.view.member.LogoutController"></bean>
	<bean id="getBoardList" class="com.springbook.view.board.GetBoardListController"></bean>
	<bean id="getBoard" class="com.springbook.view.board.GetBoardController"></bean>
	<bean id="insertBoard" class="com.springbook.view.board.InsertBoardController"></bean>
	<bean id="updateBoard" class="com.springbook.view.board.UpdateBoardController"></bean>
	<bean id="deleteBoard" class="com.springbook.view.board.DeleteBoardController"></bean> -->
	
	<!-- Spring에서 제공하는 ViewResolver 클래스를 사용 -->
	<!-- ViewResolver 등록 -->
<!-- 	<bean id="viewResolver" class="org.springframework.web.servlet.view.InternalResourceViewResolver">
	 	<property name="prefix" value="/WEB-INF/board/"></property>
	 	<property name="suffix" value=".jsp"></property>
	</bean> -->
	
</beans>
